,Open,High,Low,Close,Volume
2022-08-09,25.0500,25.1500,24.9826,24.9826,662
2022-08-10,25.8100,26.1600,25.7300,26.1006,8670
2022-08-11,26.5460,26.5460,25.8916,25.8916,3428
2022-08-12,26.6600,26.8654,26.6500,26.8654,2984
2022-08-15,26.8200,27.2200,26.8100,27.1563,14825
2022-08-16,27.9200,27.9200,26.7400,27.1406,6877
2022-08-17,27.3400,27.7612,27.1500,27.5293,5786
2022-08-18,27.2200,27.5700,27.2200,27.4800,2325
2022-08-19,27.2000,27.2000,26.6400,26.7340,5710
2022-08-22,26.1900,26.2100,25.5000,25.5758,8030
2022-08-23,25.6200,25.6800,25.4956,25.4956,1739
2022-08-24,25.3400,25.6700,25.3400,25.5471,1727
2022-08-25,26.1244,26.2181,25.9200,26.2181,1639
2022-08-26,26.2500,26.2500,24.5019,24.5700,4056
2022-08-29,23.7600,24.2000,23.7476,23.9220,10137
2022-08-30,23.3100,23.3500,23.1299,23.2925,1222
2022-08-31,23.4800,23.4800,22.8500,22.8500,2223
2022-09-01,22.6300,23.0078,22.3600,23.0078,5992
2022-09-02,23.3100,23.5500,22.4700,22.5000,9473
2022-09-06,22.5400,22.5400,21.9600,22.1500,2465
2022-09-07,22.2400,22.4800,22.0500,22.4490,5715
2022-09-08,21.8600,22.1300,21.8600,22.1300,2253
2022-09-09,22.5400,22.8190,22.4400,22.8146,3704
2022-09-12,23.6300,24.5100,23.6299,24.3100,8310
2022-09-13,23.5300,26.7400,21.8000,21.8800,6145
2022-09-14,21.8892,22.5000,21.7600,22.2168,4609
2022-09-15,22.0100,22.0100,21.3466,21.4500,3357
2022-09-16,20.6100,21.0600,20.6100,21.0300,1860
2022-09-19,21.2000,21.9578,21.2000,21.9578,5230
2022-09-20,22.0600,22.7000,22.0600,22.5226,3219
2022-09-21,22.7500,22.9800,21.7700,21.7700,5974
2022-09-22,21.3641,21.5200,21.0900,21.5200,3947
2022-09-23,21.0000,21.1000,20.5401,20.9100,3557
2022-09-26,20.7000,21.4200,20.7000,20.9994,1424
2022-09-27,21.4700,21.4700,21.2034,21.2034,910
2022-09-28,20.2900,20.8200,19.6200,20.7800,9459
2022-09-29,19.8700,19.8700,18.8400,18.9500,14644
2022-09-30,18.5900,18.9100,17.9649,17.9649,8293
2022-10-03,18.1400,19.0400,18.1385,18.9148,4140
2022-10-04,19.4901,19.7472,19.4900,19.7472,4396
2022-10-05,19.3500,19.9600,19.1300,19.7743,2760
2022-10-06,19.9400,19.9400,19.6600,19.6600,1017
2022-10-07,18.7999,18.8000,18.3200,18.3500,3739
2022-10-10,18.3600,18.5500,18.2432,18.4175,2780
2022-10-11,18.1700,18.4300,18.0000,18.0535,1562
2022-10-12,17.9600,17.9600,17.9463,17.9463,645
2022-10-13,17.0300,18.9986,17.0300,18.9986,11143
2022-10-14,18.6200,18.6200,17.9500,17.9500,3020
2022-10-17,18.5074,18.7605,18.4399,18.7605,5672
2022-10-18,19.5824,19.5824,18.5300,19.0533,2260
2022-10-19,18.6200,19.1109,18.6200,19.1109,1120
2022-10-20,19.3300,19.3300,18.8990,19.0240,1456
2022-10-21,19.9117,19.9117,19.9117,19.9117,416
2022-10-24,19.9800,20.4056,19.8600,20.4056,7692
2022-10-25,20.6800,21.1200,20.5200,21.0869,11392
2022-10-26,20.6500,20.7900,20.4500,20.4500,1747
2022-10-27,20.1400,20.2700,19.2125,19.3000,11551
2022-10-28,21.4600,22.1100,21.4600,21.8100,4750
2022-10-31,21.0101,21.3852,21.0101,21.1703,2490
2022-11-01,20.9300,20.9300,20.2600,20.5918,4237
2022-11-02,19.2800,19.2800,19.2800,19.2800,1632
2022-11-03,18.5100,18.5100,17.7600,17.8200,3298
2022-11-04,18.2401,18.2500,16.9500,17.6459,6965
2022-11-07,17.3500,17.8500,17.2200,17.8415,8113
2022-11-08,17.9000,18.3500,17.6700,17.9376,3072
2022-11-09,17.5100,17.5100,16.9400,16.9500,1725
2022-11-10,18.2800,19.4828,18.2740,19.4828,6013
2022-11-11,19.3100,20.1400,18.9700,20.1400,4519
2022-11-14,19.8200,20.2247,19.7600,19.8227,1680
2022-11-15,20.7500,20.9700,20.0100,20.2130,9164
2022-11-16,19.8100,19.9800,19.6700,19.9614,4578
2022-11-17,19.5100,20.5450,19.5100,20.3431,6002
2022-11-18,20.5500,20.6300,20.3600,20.4351,1973
2022-11-21,20.1900,20.1900,19.7400,19.7600,2102
2022-11-22,19.5220,20.2000,19.4800,20.2000,2395
2022-11-23,20.3600,20.4400,20.1300,20.3710,2770
2022-11-25,19.5100,19.7000,19.5100,19.7000,1082
2022-11-28,18.9400,19.0200,18.7700,18.7700,1077
2022-11-29,18.7700,18.7700,18.0484,18.0600,1930
2022-11-30,18.0800,19.5180,18.0200,19.5180,3566
2022-12-01,19.5801,19.7094,19.5800,19.7094,596
2022-12-02,19.6000,19.6000,19.6000,19.6000,126
2022-12-05,20.2800,20.2800,19.2436,19.2436,985
2022-12-06,18.3400,18.4600,18.2899,18.4600,1517
2022-12-07,17.9984,17.9984,17.9984,17.9984,324
2022-12-08,18.3576,18.3576,18.3576,18.3576,30
2022-12-09,18.2179,18.2179,18.2179,18.2179,231
2022-12-12,18.6100,18.7900,18.6100,18.7900,127
2022-12-13,19.9600,19.9600,18.9800,19.0100,1134
2022-12-14,18.4200,18.5400,18.0400,18.4559,1423
2022-12-15,17.7400,17.7400,16.9599,16.9600,2557
2022-12-16,16.9600,16.9600,16.5000,16.5097,2868
2022-12-19,16.3499,16.3499,15.8255,16.0400,5852
2022-12-20,15.5900,16.0300,15.5900,16.0300,2189
2022-12-21,16.0700,16.8462,16.0700,16.6900,3793
2022-12-22,15.9400,15.9800,15.5700,15.9800,5636
2022-12-23,15.6200,15.8700,15.4900,15.8700,1332
2022-12-27,15.2600,15.5200,15.2600,15.5100,2031
2022-12-28,15.2400,15.5500,14.6400,14.6400,12631
2022-12-29,15.2000,15.4000,15.1900,15.3900,3528
2022-12-30,15.0800,15.3800,15.0451,15.3800,900
2023-01-03,14.9400,14.9400,14.2500,14.4400,32653
2023-01-04,14.8400,14.8400,14.4400,14.6413,5574
2023-01-05,14.8100,14.8933,14.3600,14.4127,4095
2023-01-06,14.7900,15.3900,14.7869,15.2950,11780
2023-01-09,15.6200,16.0600,15.3400,15.4300,8973
2023-01-10,15.4900,15.5600,15.0100,15.5600,8246
2023-01-11,15.5900,16.0600,15.5700,16.0600,5033
2023-01-12,15.8000,16.1800,15.7500,16.0743,3619
2023-01-13,16.0700,16.3400,16.0700,16.3400,434
2023-01-17,16.5100,16.5900,16.5100,16.5700,2757
2023-01-18,16.8604,16.9600,16.3900,16.4400,2746
2023-01-19,16.2500,16.4250,16.2500,16.4250,1293
2023-01-20,16.9400,16.9400,16.9400,16.9400,426
2023-01-23,17.2504,18.0700,17.2504,17.6300,1815
2023-01-24,17.7600,18.0500,17.7600,17.9800,2846
2023-01-25,17.5600,17.8300,17.2072,17.8034,3170
2023-01-26,18.0498,18.2800,18.0498,18.2672,1459
2023-01-27,18.3100,18.9300,18.3100,18.6955,3782
2023-01-30,18.4900,18.4900,18.0700,18.0700,2038
2023-01-31,17.9400,18.3000,17.9400,18.3000,2322
2023-02-01,18.0700,18.5518,17.7900,18.5518,20547
2023-02-02,19.4500,19.8300,19.2300,19.7600,24459
2023-02-03,19.0800,21.2300,19.0800,20.5700,22250
2023-02-06,20.2700,20.2700,19.7900,19.9452,7926
2023-02-07,19.7600,20.6400,19.7400,20.5700,13364
2023-02-08,20.3202,20.3202,19.8399,19.9700,7174
2023-02-09,20.2100,20.3300,19.7400,19.7400,7483
2023-02-10,19.6469,19.7900,19.6400,19.7900,1100
2023-02-13,19.7886,20.4899,19.7886,20.4300,3624
2023-02-14,19.8900,20.3000,19.8900,20.2700,2697
2023-02-15,20.5200,20.7300,20.2654,20.7100,5127
2023-02-16,20.3900,20.9100,20.3800,20.3900,8240
2023-02-17,20.0300,20.0900,19.6900,20.0900,8969
2023-02-21,19.5800,19.6900,19.1600,19.1600,5331
2023-02-22,19.1900,19.2300,18.9800,19.1476,6009
2023-02-23,19.3600,19.4200,19.0339,19.3400,1306
2023-02-24,18.6698,18.7200,18.5300,18.7200,1915
2023-02-27,19.0100,19.1900,18.9300,18.9356,2147
2023-02-28,18.8900,19.1300,18.8800,18.9124,5004
2023-03-01,18.6200,18.7500,18.3700,18.3700,1727
2023-03-02,18.1991,18.4963,18.1397,18.4963,1683
2023-03-03,18.9000,19.6600,18.9000,19.6364,7490
2023-03-06,20.3200,20.7100,20.2500,20.2500,17616
2023-03-07,20.2598,20.2598,19.6900,19.7419,5561
2023-03-08,19.9600,20.1000,19.9199,20.0036,5632
2023-03-09,20.3059,20.3700,19.4750,19.5300,2097
2023-03-10,19.3300,19.4503,18.8399,18.9700,4759
2023-03-13,18.9300,19.9472,18.9300,19.4500,7850
2023-03-14,19.8200,20.0373,19.4400,19.8900,7457
2023-03-15,19.4700,19.9790,19.4300,19.9238,2244
2023-03-16,19.9400,20.7800,19.9400,20.6600,12196
2023-03-17,20.6200,20.7117,20.4408,20.4408,1102
2023-03-20,20.5581,20.9799,20.5581,20.9799,1751
2023-03-21,21.1620,21.4200,20.9400,21.4000,4735
2023-03-22,21.4560,21.8800,21.2174,21.2174,3738
2023-03-23,21.3100,21.8505,21.1400,21.3000,21874
2023-03-24,21.4103,21.6300,21.4103,21.6119,2816
2023-03-27,21.5500,21.5500,21.1189,21.1189,957
2023-03-28,21.0000,21.0500,20.6375,21.0500,4034
2023-03-29,21.5200,21.7063,21.4700,21.7063,1642
2023-03-30,21.8790,22.0900,21.8790,22.0892,3585
2023-03-31,22.1493,22.7000,22.1493,22.6827,5602
2023-04-03,22.5800,23.0100,22.5800,23.0100,9447
2023-04-04,23.0100,23.0100,22.8300,22.8900,3005
2023-04-05,22.3400,22.4252,21.9400,22.4252,6652
2023-04-06,22.2127,22.6400,22.2001,22.5622,14787
2023-04-10,21.6800,21.9100,21.5300,21.9004,10348
2023-04-11,21.7100,21.8500,21.6300,21.6800,3333
2023-04-12,21.7998,21.8500,21.4466,21.4466,7432
2023-04-13,21.8200,22.7900,21.8200,22.7800,5062
2023-04-14,22.6007,22.9099,22.4197,22.6319,9131
2023-04-17,22.6600,22.6600,22.4370,22.6251,4378
2023-04-18,22.8936,23.0852,22.7600,22.9547,8297
2023-04-19,22.9799,23.2700,22.9793,23.2200,6284
2023-04-20,22.9890,23.1600,22.7200,22.9210,3790
2023-04-21,22.5300,22.6000,22.4900,22.5200,6472
2023-04-24,22.6150,22.6400,22.3176,22.6400,4719
2023-04-25,22.6000,22.8500,22.2500,22.2500,15471
2023-04-26,22.2197,22.4400,22.1600,22.2500,2670
2023-04-27,22.6650,23.3500,22.6650,23.3500,1496
2023-04-28,23.6300,23.6300,23.3700,23.5940,2416
2023-05-01,23.6200,23.7900,23.4200,23.6300,8195
2023-05-02,23.7700,23.7700,23.1700,23.3800,6081
2023-05-03,23.7600,23.7600,23.0700,23.1200,1789
2023-05-04,22.5000,22.9300,22.3800,22.6900,12488
2023-05-05,23.9300,24.6400,23.9300,24.5400,9787
2023-05-08,24.4100,24.5400,24.4000,24.4500,3273
2023-05-09,24.0978,24.1000,24.0400,24.1000,1349
2023-05-10,24.3600,24.5000,24.1700,24.4400,4000
2023-05-11,24.4110,24.5600,24.4110,24.5600,4061
2023-05-12,24.2467,24.2700,23.9215,24.2550,6011
2023-05-15,24.4200,24.4200,24.0137,24.1700,7163
2023-05-16,24.3100,24.3100,24.0900,24.1700,8743
2023-05-17,23.8699,24.2681,23.8200,24.2681,10423
2023-05-18,24.5200,24.8390,24.4800,24.8200,24453
2023-05-19,24.9302,25.0000,24.8500,24.8800,8899
2023-05-22,24.6400,24.6600,24.5300,24.5966,10053
2023-05-23,24.2303,24.3400,23.9300,23.9900,12625
2023-05-24,24.0210,24.0500,23.8100,24.0500,6304
2023-05-25,24.0750,24.4000,24.0750,24.2734,7925
2023-05-26,24.5300,24.8500,24.5300,24.8500,6236
2023-05-30,25.2500,25.5400,25.2500,25.2678,14945
2023-05-31,25.3500,25.7600,25.2800,25.3450,12086
2023-06-01,25.4000,25.9600,25.2300,25.9400,10547
2023-06-02,26.3100,26.4500,26.0200,26.2400,13736
2023-06-05,26.6300,27.2400,25.7100,25.8300,74010
2023-06-06,25.5428,25.8200,25.3800,25.7800,20736
2023-06-07,25.6200,26.0500,25.2915,25.3700,8560
2023-06-08,25.5450,26.1200,25.4990,26.1000,14732
2023-06-09,26.2900,26.4400,26.1500,26.1500,6431
2023-06-12,26.2099,26.8800,26.2099,26.8472,8812
2023-06-13,26.8890,26.8890,26.5600,26.7600,10083
2023-06-14,26.8000,26.9890,26.4600,26.8700,5095
2023-06-15,26.9150,27.4600,26.9150,27.4100,15771
2023-06-16,27.1610,27.3300,27.0300,27.1500,17304
2023-06-20,27.0700,27.3700,26.9700,27.1500,16091
2023-06-21,27.1300,27.1300,26.5400,26.8600,5892
2023-06-22,27.1100,27.6300,27.1100,27.6300,12260
2023-06-23,27.1600,27.6799,27.1100,27.4838,13897
2023-06-26,27.6300,27.7700,27.1315,27.1315,10931
2023-06-27,27.2700,27.9200,27.2695,27.8320,8571
2023-06-28,27.8600,28.2000,27.8600,28.1200,10587
2023-06-29,28.1500,28.3290,28.1400,28.2200,18060
2023-06-30,28.8000,29.4300,28.7000,29.2700,31364
2023-07-03,29.2700,29.3500,28.8200,28.9700,22062
2023-07-05,28.7600,28.9910,28.5000,28.6800,13826
2023-07-06,28.2700,28.7900,28.1990,28.7900,14951
2023-07-07,28.5400,28.9400,28.3600,28.4600,8619
2023-07-10,28.0500,28.1200,27.5000,27.9000,88876
2023-07-11,27.7200,27.7200,27.3600,27.7000,18331
2023-07-12,28.3250,28.3990,27.8100,28.1900,4883
2023-07-13,28.3354,28.4900,28.1985,28.3100,15925
2023-07-14,28.2600,28.3700,28.1500,28.3600,8298
2023-07-17,28.6800,29.2655,28.6800,29.2200,13467
2023-07-18,28.9390,29.1690,28.8000,29.1600,4972
2023-07-19,28.8610,30.1600,28.8600,29.4300,23300
2023-07-20,29.2600,29.7999,28.9117,28.9700,25408
2023-07-21,29.2344,29.2344,28.4510,28.5700,10009
2023-07-24,29.2000,29.2290,28.7700,28.7700,5472
2023-07-25,29.0000,29.1700,29.0000,29.0200,3878
2023-07-26,29.0500,29.3100,28.9600,29.2600,6852
2023-07-27,29.7500,29.9099,28.8000,28.9300,6099
2023-07-28,29.2900,29.7200,29.1650,29.5300,8320
2023-07-31,29.5701,29.7000,29.5000,29.7000,10052
2023-08-01,29.6800,29.7200,29.4393,29.5300,15069
2023-08-02,29.0000,29.1000,28.6000,28.7400,11989
2023-08-03,28.5300,28.5800,28.2800,28.3200,25311
2023-08-04,26.9100,27.1590,25.9100,25.9500,60100
2023-08-07,25.6000,25.6000,24.8000,25.1500,50812
2023-08-08,25.3500,25.4510,24.9006,25.3800,16647
2023-08-09,25.6800,25.6800,24.7224,24.9900,23165
2023-08-10,25.3000,25.5700,24.8250,24.9200,40475
2023-08-11,24.6600,25.0400,24.5918,24.9200,10123
2023-08-14,24.8900,25.3498,24.7600,25.3100,17896
2023-08-15,25.1990,25.1990,24.7400,24.8200,12984
2023-08-16,24.9000,25.0000,24.5410,24.5900,6223
2023-08-17,24.4700,24.4700,23.8300,23.9700,30149
2023-08-18,23.4000,24.1300,23.4000,24.0400,17516
2023-08-21,24.2200,24.3700,23.9100,24.3200,14042
2023-08-22,24.5400,24.7700,24.4604,24.6900,29858
2023-08-23,25.1301,25.7000,25.1301,25.6600,25075
2023-08-24,25.5600,25.5700,24.3500,24.4400,35659
2023-08-25,24.5700,25.0800,24.3008,24.9300,19066
2023-08-28,25.1409,25.3500,24.9950,25.3500,10803
2023-08-29,25.2100,26.4000,25.2100,26.2600,21940
2023-08-30,26.5700,27.2000,26.4700,27.2000,28130
2023-08-31,27.2000,27.4899,27.1300,27.2300,36385
2023-09-01,27.5700,27.5801,27.3000,27.5400,23384
2023-09-05,27.2000,27.6700,27.2000,27.6500,11664
2023-09-06,27.2500,27.2500,25.5500,25.8800,29243
2023-09-07,24.0000,24.6900,23.6505,24.5600,61780
2023-09-08,24.6700,25.1700,24.6399,24.6900,28475
2023-09-11,25.2100,25.2100,24.5400,25.0000,21279
2023-09-12,24.9900,25.1500,23.8600,24.2500,38576
2023-09-13,24.3900,24.4200,23.7000,23.7100,39433
2023-09-14,23.7600,24.1400,23.5859,24.0800,28150
2023-09-15,24.1000,24.1000,23.6100,23.8800,14346
2023-09-18,24.3000,24.8590,24.2799,24.6200,36262
2023-09-19,24.5300,24.9504,24.4100,24.8600,16244
2023-09-20,24.7529,24.7600,23.9400,23.9400,18959
2023-09-21,23.6600,24.0700,23.5900,23.5900,9008
2023-09-22,23.7200,24.3000,23.6500,23.8000,21554
2023-09-25,23.8000,24.2500,23.8000,24.0900,8219
2023-09-26,23.6790,23.6790,23.0400,23.0900,14161
2023-09-27,23.1100,23.1100,22.4500,22.7300,13343
2023-09-28,22.2500,23.0020,22.2090,22.8000,8597
2023-09-29,23.0800,23.2600,22.7700,22.8400,8388
2023-10-02,23.2950,23.4950,23.1972,23.4600,8336
2023-10-03,23.2050,23.3708,22.7700,23.1200,5583
2023-10-04,23.0919,23.5100,23.0866,23.3800,8414
2023-10-05,23.5000,23.8100,23.3200,23.7300,15371
2023-10-06,23.5300,24.3800,23.3301,24.3200,11933
2023-10-09,23.9632,24.6500,23.9600,24.6500,8079
2023-10-10,24.5084,24.7971,24.4400,24.5100,8957
2023-10-11,24.4900,24.7798,24.3549,24.7600,7634
2023-10-12,24.9800,25.4057,24.7700,25.0800,13392
2023-10-13,25.1110,25.1110,24.5100,24.6000,5727
2023-10-16,24.0500,24.5488,24.0200,24.4800,11683
2023-10-17,23.9800,24.3610,23.7100,24.1400,6436
2023-10-18,23.6900,24.1110,23.6900,23.7900,5624
2023-10-19,24.0290,24.2500,23.6400,23.7400,5159
2023-10-20,23.6000,23.6000,23.1000,23.1000,15462
2023-10-23,22.5600,23.2200,22.4000,23.1100,13304
2023-10-24,22.9510,23.2100,22.8700,23.2100,9650
2023-10-25,22.9200,23.0400,22.5700,22.6800,8148
2023-10-26,22.5637,22.5637,21.3900,21.6800,15382
2023-10-27,21.7600,22.0950,21.6715,21.9800,13706
2023-10-30,22.5390,22.5500,22.1900,22.4300,3139
2023-10-31,22.0800,22.5500,21.8510,22.5500,3586
2023-11-01,22.7410,23.2950,22.6348,23.2000,5923
2023-11-02,23.6200,24.1000,23.6200,24.1000,39474
2023-11-03,23.2800,23.8600,23.1500,23.8600,35930
2023-11-06,23.8800,24.4500,23.8710,24.4300,21098
2023-11-07,24.4300,25.2000,24.4200,25.0400,17261
2023-11-08,25.2200,25.3700,24.9800,25.3200,5912
2023-11-09,25.3100,25.4400,25.0400,25.2000,13079
2023-11-10,25.5500,26.1790,25.4701,26.1500,112048
2023-11-13,26.0700,26.0700,25.6400,25.7700,8147
2023-11-14,26.2000,26.5400,26.2000,26.3600,26739
2023-11-15,26.5800,26.8801,26.4900,26.5800,18827
2023-11-16,26.9700,27.0900,26.7900,26.9800,22187
2023-11-17,26.9210,26.9800,26.7371,26.9700,18563
2023-11-20,26.9900,27.4500,26.9900,27.3800,11183
2023-11-21,27.3400,27.3400,27.0100,27.1800,8392
2023-11-22,27.5000,27.5500,27.1800,27.3100,18217
2023-11-24,27.0500,27.0500,26.7800,26.9500,9851
2023-11-27,26.8200,27.0210,26.7400,26.8800,9916
2023-11-28,26.9100,27.1654,26.9100,27.0400,3260
2023-11-29,27.1800,27.3400,26.6500,26.7550,14305
2023-11-30,26.8000,26.9100,26.4810,26.8900,14785
2023-12-01,26.8700,27.1900,26.7090,27.1900,16984
2023-12-04,26.8472,26.8472,26.3300,26.7400,5172
2023-12-05,26.8900,27.9100,26.8900,27.6900,15344
2023-12-06,27.9700,28.0190,27.3800,27.4122,14618
2023-12-07,27.8000,28.0689,27.7700,27.8400,15839
2023-12-08,27.8290,28.2410,27.7400,28.2000,12947
2023-12-11,27.6500,27.6500,27.1700,27.5900,10478
2023-12-12,27.5508,27.9000,27.4510,27.9000,10638
2023-12-13,28.1000,28.7200,28.0500,28.7200,9362
2023-12-14,28.7600,29.1500,28.3100,28.7700,18290
2023-12-15,28.7400,28.7587,28.4800,28.4800,10889
2023-12-18,28.3300,28.3400,27.9000,28.1700,17502
2023-12-19,28.3300,28.4500,28.2100,28.4500,22443
2023-12-20,28.3900,28.6000,27.9300,27.9300,16680
2023-12-21,28.0110,28.0110,27.6300,27.8800,15971
2023-12-22,27.9216,27.9301,27.4500,27.5500,6953
2023-12-26,27.4900,27.5600,27.3799,27.3900,14279
2023-12-27,22.9800,23.1899,22.7000,23.1400,55931
2023-12-28,23.3300,23.3899,23.1310,23.2100,30972
2023-12-29,23.2204,23.2204,22.8000,22.9700,21822
2024-01-02,21.8700,22.0500,21.1500,21.5200,111014
2024-01-03,21.2000,21.4101,21.1300,21.2300,41369
2024-01-04,20.7600,20.9500,20.5299,20.7400,54651
2024-01-05,20.7200,20.8544,20.4000,20.5700,25450
2024-01-08,20.7400,21.4300,20.6600,21.4000,55393
2024-01-09,21.0900,21.3300,20.9100,21.3300,19254
2024-01-10,21.1800,21.5700,21.1000,21.5400,25364
2024-01-11,21.6200,21.6900,21.0250,21.4000,26448
2024-01-12,21.4100,21.6000,21.3200,21.4600,24734
2024-01-16,20.7200,21.0700,20.4500,20.9900,46074
2024-01-17,20.4500,20.7900,20.3800,20.7900,14622
2024-01-18,21.4600,22.0500,21.4600,21.9800,87373
2024-01-19,22.1300,22.6000,22.0000,22.5600,43061
2024-01-22,22.7000,23.3900,22.7000,23.1000,65179
2024-01-23,23.3500,23.3800,23.1500,23.3600,36800
2024-01-24,23.6432,23.6432,23.1700,23.2100,37146
2024-01-25,23.4000,23.5699,22.8800,23.0900,28572
2024-01-26,23.1299,23.1800,22.6400,22.6900,20890
2024-01-29,22.5000,22.5100,22.1600,22.5100,24041
2024-01-30,22.3200,22.3900,21.5400,21.6500,125494
2024-01-31,21.3500,21.3500,20.8200,20.8200,67618
2024-02-01,20.7000,21.3200,20.7000,21.3100,75316
2024-02-02,19.7600,21.3790,19.6000,21.1000,177612
2024-02-05,21.6000,21.8599,21.0900,21.5200,203827
2024-02-06,21.4800,21.8400,21.4350,21.8400,72502
2024-02-07,22.2000,22.2000,21.7004,21.8900,22487
2024-02-08,21.8410,21.8700,21.4500,21.6400,31561
2024-02-09,21.7000,22.0291,21.6600,21.7300,14031
2024-02-12,21.6100,21.6300,21.3500,21.4000,35543
2024-02-13,20.8600,21.1000,20.5650,20.9000,19814
2024-02-14,20.9600,20.9600,20.3000,20.6700,25720
2024-02-15,20.5500,20.7000,20.0700,20.6300,59014
2024-02-16,20.5000,20.7400,20.1500,20.2400,31937
2024-02-20,20.1100,20.1100,19.7500,20.0900,25114
2024-02-21,20.2900,20.3390,19.8700,20.2400,121352
2024-02-22,20.5000,20.7700,20.2700,20.6600,52192
2024-02-23,20.7800,20.7800,20.2000,20.2400,17847
2024-02-26,20.1900,20.2600,19.8100,19.9400,23143
2024-02-27,19.9300,20.4600,19.6800,20.2600,59223
2024-02-28,20.0608,20.1800,19.6950,19.9800,231290
2024-02-29,19.9400,20.1400,19.5300,19.7700,148153
2024-03-01,19.5600,19.7100,19.0500,19.5300,139917
2024-03-04,18.8400,18.9100,18.2800,18.5700,274719
2024-03-05,17.6100,17.8900,17.4200,17.5000,219822
2024-03-06,17.7000,17.7000,17.2000,17.3000,174473
2024-03-07,17.3200,17.5990,17.1532,17.3000,280239
2024-03-08,17.5100,18.1900,17.2620,17.6700,204125
2024-03-11,18.0200,18.5600,17.9060,18.0800,346514
2024-03-12,18.0800,18.2300,17.6501,18.1100,395921
2024-03-13,18.0600,18.0600,17.5800,17.6700,328734
2024-03-14,18.0200,18.2990,17.8300,18.0500,137938
2024-03-15,17.7600,17.9100,17.4500,17.9100,76046
2024-03-18,18.5500,18.9500,18.1200,18.1300,294642
2024-03-19,18.1800,18.7300,17.9800,18.6400,120819
2024-03-20,18.5000,19.1600,18.4300,19.1300,104204
2024-03-21,18.8400,18.8900,17.4900,17.5900,639598
2024-03-22,17.6800,17.9200,17.3300,17.7400,483872
2024-03-25,17.4200,17.6700,17.2000,17.4600,147075
2024-03-26,17.3100,17.5900,17.2300,17.2700,150555
2024-03-27,17.3700,17.9903,17.3500,17.9600,233081
2024-03-28,17.6700,17.7000,17.3600,17.5300,119924
2024-04-01,17.5000,17.5000,17.1500,17.2600,80188
2024-04-02,17.0600,17.0700,16.9000,17.0300,122518
2024-04-03,16.9900,17.3631,16.9866,17.2000,181310
2024-04-04,17.3100,17.6089,17.0000,17.0000,178937
2024-04-05,17.1100,17.2700,17.0200,17.1400,54957
2024-04-08,17.0200,17.0200,16.8700,16.9000,170834
2024-04-09,16.9300,17.1801,16.8813,17.1400,95444
2024-04-10,16.9700,16.9700,16.6200,16.7500,52452
2024-04-11,16.8000,18.2700,16.8000,18.1700,234019
2024-04-12,18.0400,18.8457,18.0105,18.4700,389126
2024-04-15,18.2200,18.4700,17.6300,17.6500,189759
2024-04-16,17.4800,17.8100,16.7800,16.9600,424786
2024-04-17,17.0300,17.2000,16.7000,16.7000,132979
2024-04-18,16.6600,16.7915,16.4200,16.4800,53919
2024-04-19,16.2400,16.3400,15.9100,16.0900,106356
2024-04-22,16.1800,16.4500,16.0400,16.2500,41248
2024-04-23,16.1150,16.4500,16.0600,16.4500,505973
2024-04-24,16.3400,16.9090,16.3400,16.8600,157211
2024-04-25,17.0300,17.1200,16.6704,17.0300,137269
2024-04-26,17.0100,17.2700,16.8800,16.8900,82704
2024-04-29,17.6800,18.2100,17.6600,17.7500,183815
2024-04-30,17.7000,18.0057,17.0400,17.0600,175573
2024-05-01,16.9100,17.5300,16.8110,16.8500,148337
2024-05-02,17.4800,17.6467,17.2000,17.6400,383953
2024-05-03,20.3000,20.4100,19.5800,19.7000,369263
2024-05-06,19.4700,19.8200,19.0500,19.3000,250459
2024-05-07,19.7000,19.9600,19.2500,19.4500,188605
2024-05-08,19.5300,19.5900,19.2900,19.5400,60030
2024-05-09,19.4800,19.9200,19.4000,19.9000,231846
2024-05-10,20.0300,20.0400,19.4500,19.5900,96749
2024-05-13,20.0500,20.4600,19.9600,20.3100,179023
2024-05-14,20.6100,20.7300,20.3298,20.5500,111905
2024-05-15,20.6200,21.2300,20.5500,21.0300,216469
2024-05-16,21.2300,21.3250,21.0200,21.0600,149528
2024-05-17,20.9500,21.2200,20.9400,21.0400,73116
2024-05-20,20.9100,21.4686,20.8900,21.3100,129696
2024-05-21,21.2800,21.6500,21.2800,21.5700,46629
2024-05-22,21.5500,21.6705,21.1350,21.2900,72375
2024-05-23,21.2800,21.2800,20.2900,20.3300,79469
2024-05-24,20.6280,21.1300,20.6200,20.9900,77910
2024-05-28,21.3600,21.6492,20.8200,21.0300,119462
2024-05-29,20.9899,21.4800,20.9899,21.1100,126723
2024-05-30,21.1400,21.4740,21.1400,21.3200,66120
2024-05-31,21.3600,21.5200,20.9648,21.4900,104106
2024-06-03,21.6400,22.0600,21.5600,21.8500,121044
2024-06-04,22.0100,22.1300,21.6400,21.9100,86072
2024-06-05,22.1200,22.4600,22.0500,22.2500,138458
2024-06-06,22.2900,22.3998,21.8900,21.9200,104280
2024-06-07,21.9600,22.4700,21.8515,22.4700,189536
2024-06-10,22.5300,22.5500,21.4000,21.6200,415334
2024-06-11,21.7500,24.7000,21.7500,24.6900,690421
2024-06-12,24.8000,27.7800,24.7200,26.1000,937262
2024-06-13,26.5200,27.0000,25.7601,26.3400,404057
2024-06-14,26.2400,26.5500,25.6494,25.9200,206862
2024-06-17,26.1800,27.5000,25.9900,26.9700,488079
2024-06-18,27.2000,27.4090,26.0500,26.3700,299828
2024-06-20,26.2400,26.2800,24.9900,25.1600,518543
2024-06-21,25.3200,25.6799,24.5500,24.5800,325376
2024-06-24,24.6900,25.8800,24.4485,24.8200,339178
2024-06-25,25.0500,25.5800,24.9300,25.0300,155926
2024-06-26,25.5600,26.3894,25.4000,25.9900,324531
2024-06-27,26.3600,26.5600,25.7900,26.2000,227236
2024-06-28,26.6100,26.6300,25.2600,25.3400,225309
2024-07-01,25.6700,26.9800,25.6500,26.8200,204266
2024-07-02,26.6800,27.7200,26.4200,27.7200,276091
2024-07-03,27.6100,27.9690,27.4119,27.9600,307106
2024-07-05,27.9900,29.1900,27.9900,29.1600,221565
2024-07-08,29.4200,29.5600,28.4400,29.5600,300335
2024-07-09,29.6100,29.9200,29.2049,29.7900,207501
2024-07-10,29.9600,30.8900,29.9500,30.8800,185558
2024-07-11,30.4800,30.6400,29.0000,29.4600,324433
2024-07-12,29.7800,30.7099,29.7700,30.2300,217346
2024-07-15,31.7200,31.9000,30.8700,31.2300,289597
2024-07-16,31.4300,31.6900,30.6800,31.3200,157816
2024-07-17,29.9200,30.3700,29.1700,29.7200,191417
2024-07-18,30.1000,30.1000,28.0400,28.4500,284733
2024-07-19,28.6400,29.1174,28.2400,28.5100,128792
2024-07-22,29.2200,29.3300,28.1900,28.4000,218283
2024-07-23,28.4600,29.1299,28.0710,28.6600,113813
2024-07-24,28.4600,28.5200,26.6520,27.0200,159518
2024-07-25,27.0900,27.5599,26.0204,26.7200,105016
2024-07-26,27.0700,27.1999,26.4800,26.8400,62912
2024-07-29,26.5600,27.1300,26.3099,26.9000,105225
2024-07-30,27.1400,27.3900,26.3800,27.0100,61109
2024-07-31,27.7100,28.2720,27.6000,27.8100,79630
2024-08-01,28.3900,28.4000,26.6200,26.9000,269689
2024-08-02,27.0400,28.6100,26.8000,27.2500,502730
2024-08-05,21.9500,25.5400,21.3800,24.5400,339768
2024-08-06,23.6900,24.7298,22.7100,24.0600,201344
2024-08-07,24.0300,25.5758,24.0100,24.7500,86800
2024-08-08,25.5000,25.6899,24.6100,25.5300,114438
2024-08-09,25.2000,26.3091,25.2000,26.2100,49594
2024-08-12,26.2500,27.0223,26.1400,26.5800,74090
2024-08-13,26.9600,27.6300,26.9600,27.4700,61621
2024-08-14,27.3000,27.8900,27.1400,27.5500,81067
2024-08-15,28.3200,28.4800,27.9400,28.3250,61937
2024-08-16,28.2000,28.7900,28.1000,28.6600,48609
2024-08-19,28.5000,28.5900,27.9200,28.5900,132241
2024-08-20,28.5900,28.8900,28.5900,28.7300,60272
2024-08-21,28.7600,29.0797,28.4400,28.7200,118704
2024-08-22,29.0100,29.1200,28.1200,28.2600,78733
2024-08-23,28.5900,29.1100,28.2200,28.7900,44635
2024-08-26,28.8400,28.9000,28.0500,28.9000,46905
2024-08-27,28.6300,29.2755,28.3100,29.0900,94528
2024-08-28,29.1000,29.5300,28.5599,28.6900,54591
2024-08-29,29.6300,30.3000,29.3750,29.5600,337616
2024-08-30,29.6000,29.6000,28.9500,29.2600,184443
2024-09-03,29.1000,29.2700,27.3800,27.6500,143689
2024-09-04,27.4200,27.4200,26.4000,27.2000,83900
2024-09-05,27.4300,28.3300,27.4300,27.5900,59116
2024-09-06,28.0200,28.2600,26.9100,27.2200,79078
2024-09-09,27.1600,27.2100,26.2500,27.2100,155375
2024-09-10,26.6710,27.3196,26.1800,26.9000,248124
2024-09-11,27.2500,27.6900,26.4900,27.5900,242949
2024-09-12,27.5100,27.8066,26.9300,27.6600,119283
2024-09-13,27.8300,27.9048,27.4900,27.5300,79433
2024-09-16,26.0500,26.2000,25.4400,25.9700,136392
2024-09-17,25.8400,26.1300,25.6600,26.1300,83845
2024-09-18,26.3300,27.5000,26.3300,27.0200,107750
2024-09-19,28.0700,29.2299,28.0300,29.0500,77086
2024-09-20,29.3300,30.0200,28.6900,28.9300,96696
2024-09-23,28.5800,29.1100,28.2700,28.3800,96020
2024-09-24,28.8700,29.0606,28.2100,28.6500,135710
2024-09-25,28.1000,28.5582,27.8001,28.3800,158190
2024-09-26,28.4900,28.8589,28.2600,28.6700,86000
2024-09-27,28.8900,29.1290,28.5700,28.6700,79524
2024-09-30,29.2500,30.0000,29.2300,30.0000,107678
2024-10-01,29.0300,29.0300,27.6501,28.2700,149024
2024-10-02,28.1500,28.5100,27.5200,28.4100,47968
2024-10-03,28.0000,28.3400,27.5700,28.0900,57217
2024-10-04,28.6400,28.6400,27.7200,28.3700,91705
2024-10-07,27.8700,28.0497,27.0100,27.0600,113687
2024-10-08,27.6800,28.1000,27.4700,28.0200,58142
2024-10-09,27.9400,29.0700,27.9300,28.9800,132707
2024-10-10,28.5800,28.9600,28.4500,28.8900,101203
2024-10-11,28.9100,28.9100,28.4800,28.4900,75420
2024-10-14,28.7700,29.5100,28.7700,29.4600,104030
2024-10-15,30.0000,30.9690,29.6800,30.0700,170517
2024-10-16,29.5300,29.5900,29.0500,29.4900,92891
2024-10-17,30.0000,30.0000,29.1985,29.6500,55445
2024-10-18,30.5600,30.5600,30.1100,30.3300,81439
2024-10-21,30.2100,30.7600,30.2100,30.7000,54339
2024-10-22,29.9900,30.6000,29.7500,30.5000,68477
2024-10-23,30.0900,30.3200,28.4600,29.1800,413871
